"epoch","5_cont - _step","5_cont - _step__MIN","5_cont - _step__MAX","5_cont - train_loss","5_cont - train_loss__MIN","5_cont - train_loss__MAX","5_cont - val_loss","5_cont - val_loss__MIN","5_cont - val_loss__MAX","7_cont - _step","7_cont - _step__MIN","7_cont - _step__MAX","7_cont - train_loss","7_cont - train_loss__MIN","7_cont - train_loss__MAX","7_cont - val_loss","7_cont - val_loss__MIN","7_cont - val_loss__MAX","7_swin - _step","7_swin - _step__MIN","7_swin - _step__MAX","7_swin - train_loss","7_swin - train_loss__MIN","7_swin - train_loss__MAX","7_swin - val_loss","7_swin - val_loss__MIN","7_swin - val_loss__MAX","6_5 levels - _step","6_5 levels - _step__MIN","6_5 levels - _step__MAX","6_5 levels - train_loss","6_5 levels - train_loss__MIN","6_5 levels - train_loss__MAX","6_5 levels - val_loss","6_5 levels - val_loss__MIN","6_5 levels - val_loss__MAX","5_input size 256 and dropout - _step","5_input size 256 and dropout - _step__MIN","5_input size 256 and dropout - _step__MAX","5_input size 256 and dropout - train_loss","5_input size 256 and dropout - train_loss__MIN","5_input size 256 and dropout - train_loss__MAX","5_input size 256 and dropout - val_loss","5_input size 256 and dropout - val_loss__MIN","5_input size 256 and dropout - val_loss__MAX","ScaleIntensity added 2 - _step","ScaleIntensity added 2 - _step__MIN","ScaleIntensity added 2 - _step__MAX","ScaleIntensity added 2 - train_loss","ScaleIntensity added 2 - train_loss__MIN","ScaleIntensity added 2 - train_loss__MAX","ScaleIntensity added 2 - val_loss","ScaleIntensity added 2 - val_loss__MIN","ScaleIntensity added 2 - val_loss__MAX","4_input size 128 no intensity scaling, histogram equilisation - _step","4_input size 128 no intensity scaling, histogram equilisation - _step__MIN","4_input size 128 no intensity scaling, histogram equilisation - _step__MAX","4_input size 128 no intensity scaling, histogram equilisation - train_loss","4_input size 128 no intensity scaling, histogram equilisation - train_loss__MIN","4_input size 128 no intensity scaling, histogram equilisation - train_loss__MAX","4_input size 128 no intensity scaling, histogram equilisation - val_loss","4_input size 128 no intensity scaling, histogram equilisation - val_loss__MIN","4_input size 128 no intensity scaling, histogram equilisation - val_loss__MAX","Third_Run (128x128) - _step","Third_Run (128x128) - _step__MIN","Third_Run (128x128) - _step__MAX","Third_Run (128x128) - train_loss","Third_Run (128x128) - train_loss__MIN","Third_Run (128x128) - train_loss__MAX","Third_Run (128x128) - val_loss","Third_Run (128x128) - val_loss__MIN","Third_Run (128x128) - val_loss__MAX","2_cont - _step","2_cont - _step__MIN","2_cont - _step__MAX","2_cont - train_loss","2_cont - train_loss__MIN","2_cont - train_loss__MAX","2_cont - val_loss","2_cont - val_loss__MIN","2_cont - val_loss__MAX","2_z-score_normalisation - _step","2_z-score_normalisation - _step__MIN","2_z-score_normalisation - _step__MAX","2_z-score_normalisation - train_loss","2_z-score_normalisation - train_loss__MIN","2_z-score_normalisation - train_loss__MAX","2_z-score_normalisation - val_loss","2_z-score_normalisation - val_loss__MIN","2_z-score_normalisation - val_loss__MAX"
"0","","","","","","","","","","","","","","","","","","","0","0","0","0.5387623054640633","0.5387623054640633","0.5387623054640633","0.45012285234751526","0.45012285234751526","0.45012285234751526","0","0","0","0.5865343486060616","0.5865343486060616","0.5865343486060616","0.41510866284370423","0.41510866284370423","0.41510866284370423","0","0","0","0.5926943008138352","0.5926943008138352","0.5926943008138352","0.39410481055577595","0.39410481055577595","0.39410481055577595","0","0","0","0.48838136432801976","0.48838136432801976","0.48838136432801976","0.3380879810474619","0.3380879810474619","0.3380879810474619","0","0","0","0.6388761827550015","0.6388761827550015","0.6388761827550015","0.5717914313853452","0.5717914313853452","0.5717914313853452","0","0","0","0.6520492515894545","0.6520492515894545","0.6520492515894545","0.5529612035777932","0.5529612035777932","0.5529612035777932","","","","","","","","","","0","0","0","0.6518391330702966","0.6518391330702966","0.6518391330702966","0.6026781578046239","0.6026781578046239","0.6026781578046239"
"1","","","","","","","","","","","","","","","","","","","1","1","1","0.4251567521015135","0.4251567521015135","0.4251567521015135","0.42465352438114307","0.42465352438114307","0.42465352438114307","1","1","1","0.3642212471791676","0.3642212471791676","0.3642212471791676","0.31495691902107664","0.31495691902107664","0.31495691902107664","1","1","1","0.36318433391196386","0.36318433391196386","0.36318433391196386","0.3134202978125325","0.3134202978125325","0.3134202978125325","1","1","1","0.3095063633841126","0.3095063633841126","0.3095063633841126","0.27360121088732575","0.27360121088732575","0.27360121088732575","1","1","1","0.5101738714871287","0.5101738714871287","0.5101738714871287","0.43467761675886063","0.43467761675886063","0.43467761675886063","1","1","1","0.529120327857863","0.529120327857863","0.529120327857863","0.45175003119117707","0.45175003119117707","0.45175003119117707","","","","","","","","","","1","1","1","0.5763469292085712","0.5763469292085712","0.5763469292085712","0.5173454283006129","0.5173454283006129","0.5173454283006129"
"2","","","","","","","","","","","","","","","","","","","2","2","2","0.3991294722972798","0.3991294722972798","0.3991294722972798","0.4036264272751632","0.4036264272751632","0.4036264272751632","2","2","2","0.29459297613186","0.29459297613186","0.29459297613186","0.274495463569959","0.274495463569959","0.274495463569959","2","2","2","0.3009827527053216","0.3009827527053216","0.3009827527053216","0.27986404647429786","0.27986404647429786","0.27986404647429786","2","2","2","0.26980630439870495","0.26980630439870495","0.26980630439870495","0.25003845322198587","0.25003845322198587","0.25003845322198587","2","2","2","0.41020231769114984","0.41020231769114984","0.41020231769114984","0.37845713454108254","0.37845713454108254","0.37845713454108254","2","2","2","0.4532444897819968","0.4532444897819968","0.4532444897819968","0.4960520538920363","0.4960520538920363","0.4960520538920363","","","","","","","","","","2","2","2","0.555513156812732","0.555513156812732","0.555513156812732","0.5143279514126619","0.5143279514126619","0.5143279514126619"
"3","","","","","","","","","","","","","","","","","","","3","3","3","0.3714499093529557","0.3714499093529557","0.3714499093529557","0.3705498853215465","0.3705498853215465","0.3705498853215465","3","3","3","0.26266123341912984","0.26266123341912984","0.26266123341912984","0.23570125031250494","0.23570125031250494","0.23570125031250494","3","3","3","0.26249856983914094","0.26249856983914094","0.26249856983914094","0.23593820819148312","0.23593820819148312","0.23593820819148312","3","3","3","0.2468337336508166","0.2468337336508166","0.2468337336508166","0.2349796524499872","0.2349796524499872","0.2349796524499872","3","3","3","0.37056723193210717","0.37056723193210717","0.37056723193210717","0.3815693801552833","0.3815693801552833","0.3815693801552833","3","3","3","0.3788979464844495","0.3788979464844495","0.3788979464844495","0.35710874543314086","0.35710874543314086","0.35710874543314086","","","","","","","","","","3","3","3","0.4695443528539994","0.4695443528539994","0.4695443528539994","0.42401365930262996","0.42401365930262996","0.42401365930262996"
"4","","","","","","","","","","","","","","","","","","","4","4","4","0.34245814677296565","0.34245814677296565","0.34245814677296565","0.3483924182476821","0.3483924182476821","0.3483924182476821","4","4","4","0.24061989546323023","0.24061989546323023","0.24061989546323023","0.31795881826568534","0.31795881826568534","0.31795881826568534","4","4","4","0.24285604732752847","0.24285604732752847","0.24285604732752847","0.22588607056273355","0.22588607056273355","0.22588607056273355","4","4","4","0.2370339155729328","0.2370339155729328","0.2370339155729328","0.23039372478608305","0.23039372478608305","0.23039372478608305","4","4","4","0.3389897684590155","0.3389897684590155","0.3389897684590155","0.3290734636739284","0.3290734636739284","0.3290734636739284","4","4","4","0.34339816138899626","0.34339816138899626","0.34339816138899626","0.3105784654063363","0.3105784654063363","0.3105784654063363","","","","","","","","","","4","4","4","0.4213911836826","0.4213911836826","0.4213911836826","0.40157238216759106","0.40157238216759106","0.40157238216759106"
"5","","","","","","","","","","","","","","","","","","","5","5","5","0.32179281303361684","0.32179281303361684","0.32179281303361684","0.3256639274182143","0.3256639274182143","0.3256639274182143","5","5","5","0.23214454673418478","0.23214454673418478","0.23214454673418478","0.23726096219486661","0.23726096219486661","0.23726096219486661","5","5","5","0.225740891356929","0.225740891356929","0.225740891356929","0.2086657797296842","0.2086657797296842","0.2086657797296842","5","5","5","0.23060986349562637","0.23060986349562637","0.23060986349562637","0.23725562681163553","0.23725562681163553","0.23725562681163553","5","5","5","0.3142059180541199","0.3142059180541199","0.3142059180541199","0.31720036423339276","0.31720036423339276","0.31720036423339276","5","5","5","0.32911401767941084","0.32911401767941084","0.32911401767941084","0.3248595120627641","0.3248595120627641","0.3248595120627641","","","","","","","","","","5","5","5","0.40122998900273266","0.40122998900273266","0.40122998900273266","0.38515910423156496","0.38515910423156496","0.38515910423156496"
"6","","","","","","","","","","","","","","","","","","","6","6","6","0.31048253084681615","0.31048253084681615","0.31048253084681615","0.3194461121603295","0.3194461121603295","0.3194461121603295","6","6","6","0.22254046556704185","0.22254046556704185","0.22254046556704185","0.21297357430060704","0.21297357430060704","0.21297357430060704","6","6","6","0.21838481439387097","0.21838481439387097","0.21838481439387097","0.23559212546657632","0.23559212546657632","0.23559212546657632","6","6","6","0.21869228492263987","0.21869228492263987","0.21869228492263987","0.21428556828915407","0.21428556828915407","0.21428556828915407","6","6","6","0.2959460454891209","0.2959460454891209","0.2959460454891209","0.3083869446775284","0.3083869446775284","0.3083869446775284","6","6","6","0.3049786878014062","0.3049786878014062","0.3049786878014062","0.2925113877177682","0.2925113877177682","0.2925113877177682","","","","","","","","","","6","6","6","0.37446827306842606","0.37446827306842606","0.37446827306842606","0.36026316055799507","0.36026316055799507","0.36026316055799507"
"7","","","","","","","","","","","","","","","","","","","7","7","7","0.3014782626463586","0.3014782626463586","0.3014782626463586","0.31663484352606314","0.31663484352606314","0.31663484352606314","7","7","7","0.217681193051218","0.217681193051218","0.217681193051218","0.2177799118337808","0.2177799118337808","0.2177799118337808","7","7","7","0.2128926001864822","0.2128926001864822","0.2128926001864822","0.21245279825396007","0.21245279825396007","0.21245279825396007","7","7","7","0.22020962471220673","0.22020962471220673","0.22020962471220673","0.22115932531017796","0.22115932531017796","0.22115932531017796","7","7","7","0.30021425690345405","0.30021425690345405","0.30021425690345405","0.2985588107742785","0.2985588107742785","0.2985588107742785","7","7","7","0.2892729140692899","0.2892729140692899","0.2892729140692899","0.5339435941667805","0.5339435941667805","0.5339435941667805","","","","","","","","","","7","7","7","0.3534288857163501","0.3534288857163501","0.3534288857163501","0.3383795324034407","0.3383795324034407","0.3383795324034407"
"8","","","","","","","","","","","","","","","","","","","8","8","8","0.291157809250495","0.291157809250495","0.291157809250495","0.3090102419257164","0.3090102419257164","0.3090102419257164","8","8","8","0.21462503228993976","0.21462503228993976","0.21462503228993976","0.20037241710556877","0.20037241710556877","0.20037241710556877","8","8","8","0.20867321815560846","0.20867321815560846","0.20867321815560846","0.20389952135306819","0.20389952135306819","0.20389952135306819","8","8","8","0.21116162792724721","0.21116162792724721","0.21116162792724721","0.20683345458986147","0.20683345458986147","0.20683345458986147","8","8","8","0.2810653618560368","0.2810653618560368","0.2810653618560368","0.2638820653511246","0.2638820653511246","0.2638820653511246","8","8","8","0.2782739075448583","0.2782739075448583","0.2782739075448583","0.2695937414539348","0.2695937414539348","0.2695937414539348","","","","","","","","","","8","8","8","0.3521109147920829","0.3521109147920829","0.3521109147920829","0.32525206817016283","0.32525206817016283","0.32525206817016283"
"9","","","","","","","","","","","","","","","","","","","9","9","9","0.28153855472552675","0.28153855472552675","0.28153855472552675","0.2892750127447976","0.2892750127447976","0.2892750127447976","9","9","9","0.20522567204066686","0.20522567204066686","0.20522567204066686","0.20374055593102067","0.20374055593102067","0.20374055593102067","9","9","9","0.20177619106003217","0.20177619106003217","0.20177619106003217","0.19633862936386356","0.19633862936386356","0.19633862936386356","9","9","9","0.21132646776547953","0.21132646776547953","0.21132646776547953","0.20243989228925297","0.20243989228925297","0.20243989228925297","9","9","9","0.2992693144327202","0.2992693144327202","0.2992693144327202","0.2649745807661","0.2649745807661","0.2649745807661","9","9","9","0.2747878410047343","0.2747878410047343","0.2747878410047343","0.2689955088839655","0.2689955088839655","0.2689955088839655","","","","","","","","","","9","9","9","0.33331234620085787","0.33331234620085787","0.33331234620085787","0.31836645396557883","0.31836645396557883","0.31836645396557883"
"10","","","","","","","","","","","","","","","","","","","10","10","10","0.27654772571155","0.27654772571155","0.27654772571155","0.27397973675418785","0.27397973675418785","0.27397973675418785","10","10","10","0.20289866131644288","0.20289866131644288","0.20289866131644288","0.20097552824903417","0.20097552824903417","0.20097552824903417","10","10","10","0.19501060469686485","0.19501060469686485","0.19501060469686485","0.1953552458849218","0.1953552458849218","0.1953552458849218","10","10","10","0.20815186985150105","0.20815186985150105","0.20815186985150105","0.22174096426002154","0.22174096426002154","0.22174096426002154","10","10","10","0.2605132138935708","0.2605132138935708","0.2605132138935708","0.25572200847935056","0.25572200847935056","0.25572200847935056","10","10","10","0.2640464780773936","0.2640464780773936","0.2640464780773936","0.2589824580237768","0.2589824580237768","0.2589824580237768","","","","","","","","","","10","10","10","0.3220297804399699","0.3220297804399699","0.3220297804399699","0.32683526253722417","0.32683526253722417","0.32683526253722417"
"11","","","","","","","","","","","","","","","","","","","11","11","11","0.2647424513677589","0.2647424513677589","0.2647424513677589","0.28696916710447384","0.28696916710447384","0.28696916710447384","11","11","11","0.19542942208652736","0.19542942208652736","0.19542942208652736","0.1985343599760974","0.1985343599760974","0.1985343599760974","11","11","11","0.19380364695391736","0.19380364695391736","0.19380364695391736","0.20661001829085526","0.20661001829085526","0.20661001829085526","11","11","11","0.20220966452435285","0.20220966452435285","0.20220966452435285","0.20787018365797943","0.20787018365797943","0.20787018365797943","11","11","11","0.25501337350040926","0.25501337350040926","0.25501337350040926","0.2597845803018396","0.2597845803018396","0.2597845803018396","11","11","11","0.2580824691739653","0.2580824691739653","0.2580824691739653","0.24560919038425147","0.24560919038425147","0.24560919038425147","","","","","","","","","","11","11","11","0.3149151604998262","0.3149151604998262","0.3149151604998262","0.30451295812887774","0.30451295812887774","0.30451295812887774"
"12","","","","","","","","","","","","","","","","","","","12","12","12","0.2574720754280311","0.2574720754280311","0.2574720754280311","0.26803173897442994","0.26803173897442994","0.26803173897442994","12","12","12","0.19258374780291268","0.19258374780291268","0.19258374780291268","0.19182740129806378","0.19182740129806378","0.19182740129806378","12","12","12","0.1892999847646521","0.1892999847646521","0.1892999847646521","0.2070849147659761","0.2070849147659761","0.2070849147659761","12","12","12","0.20020084907966001","0.20020084907966001","0.20020084907966001","0.20767776438183944","0.20767776438183944","0.20767776438183944","12","12","12","0.25416358694935043","0.25416358694935043","0.25416358694935043","0.24831875696168956","0.24831875696168956","0.24831875696168956","12","12","12","0.2509378128285919","0.2509378128285919","0.2509378128285919","0.23597153417461422","0.23597153417461422","0.23597153417461422","","","","","","","","","","12","12","12","0.2983560271467231","0.2983560271467231","0.2983560271467231","0.3037060626322009","0.3037060626322009","0.3037060626322009"
"13","","","","","","","","","","","","","","","","","","","13","13","13","0.25239731446534647","0.25239731446534647","0.25239731446534647","0.25838322082051524","0.25838322082051524","0.25838322082051524","13","13","13","0.18793126154972725","0.18793126154972725","0.18793126154972725","0.18963499243060747","0.18963499243060747","0.18963499243060747","13","13","13","0.18697724428747883","0.18697724428747883","0.18697724428747883","0.19043694149564813","0.19043694149564813","0.19043694149564813","13","13","13","0.2017566006818489","0.2017566006818489","0.2017566006818489","0.20597852067156353","0.20597852067156353","0.20597852067156353","13","13","13","0.244405369657804","0.244405369657804","0.244405369657804","0.2390002131628281","0.2390002131628281","0.2390002131628281","13","13","13","0.24722493042339796","0.24722493042339796","0.24722493042339796","0.24093615296937276","0.24093615296937276","0.24093615296937276","","","","","","","","","","13","13","13","0.29735238641938744","0.29735238641938744","0.29735238641938744","0.3013739112252196","0.3013739112252196","0.3013739112252196"
"14","","","","","","","","","","","","","","","","","","","14","14","14","0.24695651051627487","0.24695651051627487","0.24695651051627487","0.2553538723676293","0.2553538723676293","0.2553538723676293","14","14","14","0.19259275057736566","0.19259275057736566","0.19259275057736566","0.19138535018320438","0.19138535018320438","0.19138535018320438","14","14","14","0.18855821093966982","0.18855821093966982","0.18855821093966982","0.20689070914630536","0.20689070914630536","0.20689070914630536","14","14","14","0.20085163808920803","0.20085163808920803","0.20085163808920803","0.21116267258239058","0.21116267258239058","0.21116267258239058","14","14","14","0.2420523255562582","0.2420523255562582","0.2420523255562582","0.24148341895645437","0.24148341895645437","0.24148341895645437","14","14","14","0.23472908120445846","0.23472908120445846","0.23472908120445846","0.23464150613236162","0.23464150613236162","0.23464150613236162","","","","","","","","","","14","14","14","0.29318921606079873","0.29318921606079873","0.29318921606079873","0.2750886843217793","0.2750886843217793","0.2750886843217793"
"15","","","","","","","","","","","","","","","","","","","15","15","15","0.23648956862567855","0.23648956862567855","0.23648956862567855","0.25636601166592704","0.25636601166592704","0.25636601166592704","15","15","15","0.19176623456868805","0.19176623456868805","0.19176623456868805","0.18809931526581447","0.18809931526581447","0.18809931526581447","15","15","15","0.19184071157409363","0.19184071157409363","0.19184071157409363","0.1868634918773616","0.1868634918773616","0.1868634918773616","15","15","15","0.19872538073911888","0.19872538073911888","0.19872538073911888","0.20893851310347092","0.20893851310347092","0.20893851310347092","15","15","15","0.24021633811482862","0.24021633811482862","0.24021633811482862","0.2243245219514051","0.2243245219514051","0.2243245219514051","15","15","15","0.2316129038094723","0.2316129038094723","0.2316129038094723","0.2336690762949256","0.2336690762949256","0.2336690762949256","","","","","","","","","","15","15","15","0.2866632150282629","0.2866632150282629","0.2866632150282629","0.3039407653380947","0.3039407653380947","0.3039407653380947"
"16","","","","","","","","","","","","","","","","","","","16","16","16","0.23657830350664483","0.23657830350664483","0.23657830350664483","0.24950365838077332","0.24950365838077332","0.24950365838077332","16","16","16","0.18629515380794262","0.18629515380794262","0.18629515380794262","0.1886655644962081","0.1886655644962081","0.1886655644962081","16","16","16","0.18830419873364834","0.18830419873364834","0.18830419873364834","0.19849313020154283","0.19849313020154283","0.19849313020154283","","","","","","","","","","16","16","16","0.23598237542294653","0.23598237542294653","0.23598237542294653","0.2359923111018638","0.2359923111018638","0.2359923111018638","16","16","16","0.24162767580201647","0.24162767580201647","0.24162767580201647","0.22405941247053748","0.22405941247053748","0.22405941247053748","","","","","","","","","","16","16","16","0.28667100727119865","0.28667100727119865","0.28667100727119865","0.2709281030197569","0.2709281030197569","0.2709281030197569"
"17","","","","","","","","","","","","","","","","","","","17","17","17","0.23121137315986537","0.23121137315986537","0.23121137315986537","0.25769704944557614","0.25769704944557614","0.25769704944557614","17","17","17","0.18316561096355694","0.18316561096355694","0.18316561096355694","0.18650932047102187","0.18650932047102187","0.18650932047102187","17","17","17","0.18826620268220662","0.18826620268220662","0.18826620268220662","0.18855641776764834","0.18855641776764834","0.18855641776764834","","","","","","","","","","17","17","17","0.22987002694681913","0.22987002694681913","0.22987002694681913","0.2294893239011995","0.2294893239011995","0.2294893239011995","17","17","17","0.23556203608001983","0.23556203608001983","0.23556203608001983","0.2290917487614217","0.2290917487614217","0.2290917487614217","","","","","","","","","","17","17","17","0.2792760797564973","0.2792760797564973","0.2792760797564973","0.2930103402764824","0.2930103402764824","0.2930103402764824"
"18","","","","","","","","","","","","","","","","","","","18","18","18","0.22401257601230085","0.22401257601230085","0.22401257601230085","0.2467485064709628","0.2467485064709628","0.2467485064709628","18","18","18","0.18080015715305545","0.18080015715305545","0.18080015715305545","0.18642696194626668","0.18642696194626668","0.18642696194626668","18","18","18","0.18111916030404948","0.18111916030404948","0.18111916030404948","0.18485619133269346","0.18485619133269346","0.18485619133269346","","","","","","","","","","18","18","18","0.23271942440764742","0.23271942440764742","0.23271942440764742","0.21522511414435716","0.21522511414435716","0.21522511414435716","18","18","18","0.22593562863767147","0.22593562863767147","0.22593562863767147","0.21763537050013648","0.21763537050013648","0.21763537050013648","","","","","","","","","","18","18","18","0.27752224673681397","0.27752224673681397","0.27752224673681397","0.29937262804036247","0.29937262804036247","0.29937262804036247"
"19","","","","","","","","","","","","","","","","","","","19","19","19","0.220210794015091","0.220210794015091","0.220210794015091","0.23619168472510796","0.23619168472510796","0.23619168472510796","19","19","19","0.18485465110475277","0.18485465110475277","0.18485465110475277","0.1857029044241817","0.1857029044241817","0.1857029044241817","19","19","19","0.18306432839702158","0.18306432839702158","0.18306432839702158","0.1821434655951129","0.1821434655951129","0.1821434655951129","","","","","","","","","","19","19","19","0.2224027840655391","0.2224027840655391","0.2224027840655391","0.21940773346056283","0.21940773346056283","0.21940773346056283","19","19","19","0.22779184604893213","0.22779184604893213","0.22779184604893213","0.2243530004662652","0.2243530004662652","0.2243530004662652","","","","","","","","","","19","19","19","0.272422971000441","0.272422971000441","0.272422971000441","0.2575542552874434","0.2575542552874434","0.2575542552874434"
"20","","","","","","","","","","","","","","","","","","","20","20","20","0.21686235768329196","0.21686235768329196","0.21686235768329196","0.22769658515850702","0.22769658515850702","0.22769658515850702","20","20","20","0.18085296063863932","0.18085296063863932","0.18085296063863932","0.18223276422531517","0.18223276422531517","0.18223276422531517","20","20","20","0.18630782965601994","0.18630782965601994","0.18630782965601994","0.17984725474207489","0.17984725474207489","0.17984725474207489","","","","","","","","","","20","20","20","0.2254732760812054","0.2254732760812054","0.2254732760812054","0.25272933892268673","0.25272933892268673","0.25272933892268673","20","20","20","0.22498396140750215","0.22498396140750215","0.22498396140750215","0.22010574093760168","0.22010574093760168","0.22010574093760168","","","","","","","","","","20","20","20","0.2655914190123562","0.2655914190123562","0.2655914190123562","0.2576013137222887","0.2576013137222887","0.2576013137222887"
"21","","","","","","","","","","0","0","0","0.21357515582642636","0.21357515582642636","0.21357515582642636","0.24525325110665075","0.24525325110665075","0.24525325110665075","","","","","","","","","","21","21","21","0.20116938669391038","0.20116938669391038","0.20116938669391038","0.18394192023961634","0.18394192023961634","0.18394192023961634","21","21","21","0.17966605926386447","0.17966605926386447","0.17966605926386447","0.1843187858109121","0.1843187858109121","0.1843187858109121","","","","","","","","","","21","21","21","0.22158033900088123","0.22158033900088123","0.22158033900088123","0.21900489870943546","0.21900489870943546","0.21900489870943546","21","21","21","0.22715565778252458","0.22715565778252458","0.22715565778252458","0.2225211750591333","0.2225211750591333","0.2225211750591333","","","","","","","","","","21","21","21","0.2629301409636225","0.2629301409636225","0.2629301409636225","0.26823987954445044","0.26823987954445044","0.26823987954445044"
"22","","","","","","","","","","1","1","1","0.20754289292112119","0.20754289292112119","0.20754289292112119","0.22088063883560674","0.22088063883560674","0.22088063883560674","","","","","","","","","","22","22","22","0.17970403418445788","0.17970403418445788","0.17970403418445788","0.19069589070147938","0.19069589070147938","0.19069589070147938","22","22","22","0.18112153650707558","0.18112153650707558","0.18112153650707558","0.1839003418882688","0.1839003418882688","0.1839003418882688","","","","","","","","","","22","22","22","0.2230375443718263","0.2230375443718263","0.2230375443718263","0.2194266862419458","0.2194266862419458","0.2194266862419458","22","22","22","0.2272502937111534","0.2272502937111534","0.2272502937111534","0.21603620555044106","0.21603620555044106","0.21603620555044106","","","","","","","","","","22","22","22","0.25706139933161376","0.25706139933161376","0.25706139933161376","0.25967516619919845","0.25967516619919845","0.25967516619919845"
"23","","","","","","","","","","2","2","2","0.20596861482417883","0.20596861482417883","0.20596861482417883","0.21834762179189257","0.21834762179189257","0.21834762179189257","","","","","","","","","","23","23","23","0.17976171811338232","0.17976171811338232","0.17976171811338232","0.19183856155033466","0.19183856155033466","0.19183856155033466","23","23","23","0.17376789505429127","0.17376789505429127","0.17376789505429127","0.18077327567670082","0.18077327567670082","0.18077327567670082","","","","","","","","","","23","23","23","0.21484137853967541","0.21484137853967541","0.21484137853967541","0.2078280544746321","0.2078280544746321","0.2078280544746321","23","23","23","0.21803673795040915","0.21803673795040915","0.21803673795040915","0.219897432384327","0.219897432384327","0.219897432384327","","","","","","","","","","23","23","23","0.26057873344628","0.26057873344628","0.26057873344628","0.2607977312736795","0.2607977312736795","0.2607977312736795"
"24","","","","","","","","","","3","3","3","0.20243862853581165","0.20243862853581165","0.20243862853581165","0.216369299976914","0.216369299976914","0.216369299976914","","","","","","","","","","24","24","24","0.18428998377894154","0.18428998377894154","0.18428998377894154","0.18585235148116394","0.18585235148116394","0.18585235148116394","24","24","24","0.17544665560126305","0.17544665560126305","0.17544665560126305","0.1816367109892545","0.1816367109892545","0.1816367109892545","","","","","","","","","","24","24","24","0.21966330666376763","0.21966330666376763","0.21966330666376763","0.22578070451225046","0.22578070451225046","0.22578070451225046","24","24","24","0.2193930317812106","0.2193930317812106","0.2193930317812106","0.24066506398211623","0.24066506398211623","0.24066506398211623","","","","","","","","","","24","24","24","0.26503735139746876","0.26503735139746876","0.26503735139746876","0.2646611748491743","0.2646611748491743","0.2646611748491743"
"25","","","","","","","","","","4","4","4","0.19851523136892238","0.19851523136892238","0.19851523136892238","0.22954165858251077","0.22954165858251077","0.22954165858251077","","","","","","","","","","25","25","25","0.17836003572124393","0.17836003572124393","0.17836003572124393","0.17537804977209479","0.17537804977209479","0.17537804977209479","25","25","25","0.17387002427913562","0.17387002427913562","0.17387002427913562","0.18355166807218834","0.18355166807218834","0.18355166807218834","","","","","","","","","","25","25","25","0.21907959210083766","0.21907959210083766","0.21907959210083766","0.21001105313795207","0.21001105313795207","0.21001105313795207","25","25","25","0.22015532311208608","0.22015532311208608","0.22015532311208608","0.2209489242101026","0.2209489242101026","0.2209489242101026","","","","","","","","","","25","25","25","0.2569655488174753","0.2569655488174753","0.2569655488174753","0.2629767938562042","0.2629767938562042","0.2629767938562042"
"26","","","","","","","","","","5","5","5","0.19659360958372846","0.19659360958372846","0.19659360958372846","0.2025461791842072","0.2025461791842072","0.2025461791842072","","","","","","","","","","26","26","26","0.18038465164038314","0.18038465164038314","0.18038465164038314","0.17773729667619423","0.17773729667619423","0.17773729667619423","26","26","26","0.1699684251945059","0.1699684251945059","0.1699684251945059","0.17641520119375653","0.17641520119375653","0.17641520119375653","","","","","","","","","","26","26","26","0.20801101246175646","0.20801101246175646","0.20801101246175646","0.20625165232273726","0.20625165232273726","0.20625165232273726","26","26","26","0.2109657800012902","0.2109657800012902","0.2109657800012902","0.21579445192251065","0.21579445192251065","0.21579445192251065","","","","","","","","","","26","26","26","0.25302713409754907","0.25302713409754907","0.25302713409754907","0.2411896728643919","0.2411896728643919","0.2411896728643919"
"27","","","","","","","","","","6","6","6","0.1946073856298663","0.1946073856298663","0.1946073856298663","0.2152911756877546","0.2152911756877546","0.2152911756877546","","","","","","","","","","27","27","27","0.17246750191229732","0.17246750191229732","0.17246750191229732","0.17499541471953745","0.17499541471953745","0.17499541471953745","27","27","27","0.17184671358901912","0.17184671358901912","0.17184671358901912","0.17990377059689275","0.17990377059689275","0.17990377059689275","","","","","","","","","","27","27","27","0.20893329449248413","0.20893329449248413","0.20893329449248413","0.22614477392022939","0.22614477392022939","0.22614477392022939","27","27","27","0.21556638459823713","0.21556638459823713","0.21556638459823713","0.2073906680575977","0.2073906680575977","0.2073906680575977","","","","","","","","","","27","27","27","0.24951459641153573","0.24951459641153573","0.24951459641153573","0.25000334917446493","0.25000334917446493","0.25000334917446493"
"28","","","","","","","","","","7","7","7","0.18410766807173481","0.18410766807173481","0.18410766807173481","0.21828333338101705","0.21828333338101705","0.21828333338101705","","","","","","","","","","28","28","28","0.17217006271376328","0.17217006271376328","0.17217006271376328","0.18004827797412873","0.18004827797412873","0.18004827797412873","28","28","28","0.17335732309382504","0.17335732309382504","0.17335732309382504","0.19036058355812674","0.19036058355812674","0.19036058355812674","","","","","","","","","","28","28","28","0.21421814035279912","0.21421814035279912","0.21421814035279912","0.21366346320033516","0.21366346320033516","0.21366346320033516","28","28","28","0.21335623428976835","0.21335623428976835","0.21335623428976835","0.20584922137092038","0.20584922137092038","0.20584922137092038","","","","","","","","","","28","28","28","0.24336504341424012","0.24336504341424012","0.24336504341424012","0.2459754410535651","0.2459754410535651","0.2459754410535651"
"29","","","","","","","","","","8","8","8","0.22033149595646298","0.22033149595646298","0.22033149595646298","0.21500942453190133","0.21500942453190133","0.21500942453190133","","","","","","","","","","29","29","29","0.17298952906447299","0.17298952906447299","0.17298952906447299","0.1717531537844075","0.1717531537844075","0.1717531537844075","29","29","29","0.17185257250020483","0.17185257250020483","0.17185257250020483","0.1773665087642493","0.1773665087642493","0.1773665087642493","","","","","","","","","","29","29","29","0.20600193958854726","0.20600193958854726","0.20600193958854726","0.20119599445435637","0.20119599445435637","0.20119599445435637","29","29","29","0.21746143913131302","0.21746143913131302","0.21746143913131302","0.24009223418054085","0.24009223418054085","0.24009223418054085","","","","","","","","","","29","29","29","0.24947490218338095","0.24947490218338095","0.24947490218338095","0.25008662814987637","0.25008662814987637","0.25008662814987637"
"30","","","","","","","","","","9","9","9","0.19314585322467218","0.19314585322467218","0.19314585322467218","0.2010639680756463","0.2010639680756463","0.2010639680756463","","","","","","","","","","30","30","30","0.17024355566426486","0.17024355566426486","0.17024355566426486","0.17681427457266383","0.17681427457266383","0.17681427457266383","30","30","30","0.17138128408363887","0.17138128408363887","0.17138128408363887","0.18033818442512442","0.18033818442512442","0.18033818442512442","","","","","","","","","","30","30","30","0.20605788870612865","0.20605788870612865","0.20605788870612865","0.2111547406499714","0.2111547406499714","0.2111547406499714","30","30","30","0.21990457139596217","0.21990457139596217","0.21990457139596217","0.21889798199155516","0.21889798199155516","0.21889798199155516","","","","","","","","","","30","30","30","0.24324036300370172","0.24324036300370172","0.24324036300370172","0.2414881594229808","0.2414881594229808","0.2414881594229808"
"31","","","","","","","","","","10","10","10","0.18245124954636358","0.18245124954636358","0.18245124954636358","0.19624638449814585","0.19624638449814585","0.19624638449814585","","","","","","","","","","31","31","31","0.17439121408622807","0.17439121408622807","0.17439121408622807","0.17745186761021614","0.17745186761021614","0.17745186761021614","31","31","31","0.1729976363605311","0.1729976363605311","0.1729976363605311","0.18018685306111973","0.18018685306111973","0.18018685306111973","","","","","","","","","","31","31","31","0.21050339888687394","0.21050339888687394","0.21050339888687394","0.20083640330232208","0.20083640330232208","0.20083640330232208","31","31","31","0.20675265315544455","0.20675265315544455","0.20675265315544455","0.20974942064085858","0.20974942064085858","0.20974942064085858","","","","","","","","","","31","31","31","0.23884013429784975","0.23884013429784975","0.23884013429784975","0.2266677994433389","0.2266677994433389","0.2266677994433389"
"32","","","","","","","","","","11","11","11","0.18442026068683431","0.18442026068683431","0.18442026068683431","0.20511337457983583","0.20511337457983583","0.20511337457983583","","","","","","","","","","","","","","","","","","","32","32","32","0.16925765285972788","0.16925765285972788","0.16925765285972788","0.17760234210226272","0.17760234210226272","0.17760234210226272","","","","","","","","","","32","32","32","0.20004952696598127","0.20004952696598127","0.20004952696598127","0.21408864533092453","0.21408864533092453","0.21408864533092453","32","32","32","0.20529082397139875","0.20529082397139875","0.20529082397139875","0.1962734370537407","0.1962734370537407","0.1962734370537407","","","","","","","","","","32","32","32","0.24265566156754473","0.24265566156754473","0.24265566156754473","0.23320597806273782","0.23320597806273782","0.23320597806273782"
"33","","","","","","","","","","12","12","12","0.1782472476425792","0.1782472476425792","0.1782472476425792","0.20349154864196425","0.20349154864196425","0.20349154864196425","","","","","","","","","","","","","","","","","","","33","33","33","0.1686396015604504","0.1686396015604504","0.1686396015604504","0.1848481517147135","0.1848481517147135","0.1848481517147135","","","","","","","","","","33","33","33","0.20044722477709795","0.20044722477709795","0.20044722477709795","0.20492496545042246","0.20492496545042246","0.20492496545042246","33","33","33","0.20358073406954522","0.20358073406954522","0.20358073406954522","0.20675905996095736","0.20675905996095736","0.20675905996095736","","","","","","","","","","33","33","33","0.23821151823963688","0.23821151823963688","0.23821151823963688","0.24696952875939002","0.24696952875939002","0.24696952875939002"
"34","","","","","","","","","","13","13","13","0.17878422479168707","0.17878422479168707","0.17878422479168707","0.20226877171684193","0.20226877171684193","0.20226877171684193","","","","","","","","","","","","","","","","","","","34","34","34","0.1746846893567498","0.1746846893567498","0.1746846893567498","0.17757512052302007","0.17757512052302007","0.17757512052302007","","","","","","","","","","34","34","34","0.2038830425277227","0.2038830425277227","0.2038830425277227","0.22490320530578106","0.22490320530578106","0.22490320530578106","34","34","34","0.20400884838289574","0.20400884838289574","0.20400884838289574","0.20496258514909052","0.20496258514909052","0.20496258514909052","","","","","","","","","","34","34","34","0.2349480067481514","0.2349480067481514","0.2349480067481514","0.2394708858519017","0.2394708858519017","0.2394708858519017"
"35","","","","","","","","","","14","14","14","0.17580721658818863","0.17580721658818863","0.17580721658818863","0.21145071321063572","0.21145071321063572","0.21145071321063572","","","","","","","","","","","","","","","","","","","35","35","35","0.1683552851822196","0.1683552851822196","0.1683552851822196","0.17621676019496388","0.17621676019496388","0.17621676019496388","","","","","","","","","","35","35","35","0.20199213515059286","0.20199213515059286","0.20199213515059286","0.22145630149205378","0.22145630149205378","0.22145630149205378","35","35","35","0.20268869840641732","0.20268869840641732","0.20268869840641732","0.19975459315298216","0.19975459315298216","0.19975459315298216","","","","","","","","","","35","35","35","0.23825757767410338","0.23825757767410338","0.23825757767410338","0.23538244138973796","0.23538244138973796","0.23538244138973796"
"36","","","","","","","","","","15","15","15","0.17629551759161868","0.17629551759161868","0.17629551759161868","0.19403165998282257","0.19403165998282257","0.19403165998282257","","","","","","","","","","","","","","","","","","","36","36","36","0.16683863707575478","0.16683863707575478","0.16683863707575478","0.17590723512349304","0.17590723512349304","0.17590723512349304","","","","","","","","","","36","36","36","0.19859817325912354","0.19859817325912354","0.19859817325912354","0.20195129164754236","0.20195129164754236","0.20195129164754236","36","36","36","0.20419824018510951","0.20419824018510951","0.20419824018510951","0.2023796348462096","0.2023796348462096","0.2023796348462096","","","","","","","","","","36","36","36","0.2340907704225984","0.2340907704225984","0.2340907704225984","0.2443384239969422","0.2443384239969422","0.2443384239969422"
"37","","","","","","","","","","16","16","16","0.17345081557746694","0.17345081557746694","0.17345081557746694","0.19698360783082466","0.19698360783082466","0.19698360783082466","","","","","","","","","","","","","","","","","","","37","37","37","0.1685607937015906","0.1685607937015906","0.1685607937015906","0.18954354952330943","0.18954354952330943","0.18954354952330943","","","","","","","","","","37","37","37","0.20332991611212492","0.20332991611212492","0.20332991611212492","0.19896424934267998","0.19896424934267998","0.19896424934267998","37","37","37","0.20003595281423642","0.20003595281423642","0.20003595281423642","0.21205740266905398","0.21205740266905398","0.21205740266905398","","","","","","","","","","37","37","37","0.23507989993115433","0.23507989993115433","0.23507989993115433","0.22698751288608104","0.22698751288608104","0.22698751288608104"
"38","","","","","","","","","","17","17","17","0.16657600896198207","0.16657600896198207","0.16657600896198207","0.18744258025178204","0.18744258025178204","0.18744258025178204","","","","","","","","","","","","","","","","","","","38","38","38","0.16942178605108701","0.16942178605108701","0.16942178605108701","0.1786235362843231","0.1786235362843231","0.1786235362843231","","","","","","","","","","38","38","38","0.1937816348318167","0.1937816348318167","0.1937816348318167","0.20684006358721885","0.20684006358721885","0.20684006358721885","38","38","38","0.20460078515456753","0.20460078515456753","0.20460078515456753","0.200110164979909","0.200110164979909","0.200110164979909","","","","","","","","","","38","38","38","0.2356520839066816","0.2356520839066816","0.2356520839066816","0.22078637464394357","0.22078637464394357","0.22078637464394357"
"39","","","","","","","","","","18","18","18","0.17086137684077776","0.17086137684077776","0.17086137684077776","0.23365495359456098","0.23365495359456098","0.23365495359456098","","","","","","","","","","","","","","","","","","","39","39","39","0.16548711875406633","0.16548711875406633","0.16548711875406633","0.17223828512209433","0.17223828512209433","0.17223828512209433","","","","","","","","","","39","39","39","0.1997800129113578","0.1997800129113578","0.1997800129113578","0.19250466365741087","0.19250466365741087","0.19250466365741087","39","39","39","0.19572238650705134","0.19572238650705134","0.19572238650705134","0.21910204606816228","0.21910204606816228","0.21910204606816228","","","","","","","","","","39","39","39","0.23436953761309637","0.23436953761309637","0.23436953761309637","0.24360590768791043","0.24360590768791043","0.24360590768791043"
"40","","","","","","","","","","19","19","19","0.1744115064311929","0.1744115064311929","0.1744115064311929","0.1980838899259214","0.1980838899259214","0.1980838899259214","","","","","","","","","","","","","","","","","","","40","40","40","0.16648501952906616","0.16648501952906616","0.16648501952906616","0.17599825594160293","0.17599825594160293","0.17599825594160293","","","","","","","","","","40","40","40","0.19556799640550332","0.19556799640550332","0.19556799640550332","0.20638871294027367","0.20638871294027367","0.20638871294027367","40","40","40","0.20873939773427838","0.20873939773427838","0.20873939773427838","0.20393729437017974","0.20393729437017974","0.20393729437017974","","","","","","","","","","40","40","40","0.2290187434395071","0.2290187434395071","0.2290187434395071","0.2261272099658459","0.2261272099658459","0.2261272099658459"
"41","","","","","","","","","","20","20","20","0.16915162806125247","0.16915162806125247","0.16915162806125247","0.1856326266847275","0.1856326266847275","0.1856326266847275","","","","","","","","","","","","","","","","","","","41","41","41","0.16480585585246568","0.16480585585246568","0.16480585585246568","0.17214511823323037","0.17214511823323037","0.17214511823323037","","","","","","","","","","41","41","41","0.19849596898846267","0.19849596898846267","0.19849596898846267","0.20343868363800988","0.20343868363800988","0.20343868363800988","41","41","41","0.20042864216820283","0.20042864216820283","0.20042864216820283","0.20429880199711561","0.20429880199711561","0.20429880199711561","","","","","","","","","","41","41","41","0.2296843076469142","0.2296843076469142","0.2296843076469142","0.24532558244123334","0.24532558244123334","0.24532558244123334"
"42","","","","","","","","","","21","21","21","0.1665425701927738","0.1665425701927738","0.1665425701927738","0.18474166936896466","0.18474166936896466","0.18474166936896466","","","","","","","","","","","","","","","","","","","42","42","42","0.16489686644753487","0.16489686644753487","0.16489686644753487","0.17306814110941357","0.17306814110941357","0.17306814110941357","","","","","","","","","","42","42","42","0.19209920020946183","0.19209920020946183","0.19209920020946183","0.19265794507522122","0.19265794507522122","0.19265794507522122","42","42","42","0.1960418427582173","0.1960418427582173","0.1960418427582173","0.19643565563685833","0.19643565563685833","0.19643565563685833","","","","","","","","","","42","42","42","0.2296324020971646","0.2296324020971646","0.2296324020971646","0.22485615282586072","0.22485615282586072","0.22485615282586072"
"43","","","","","","","","","","22","22","22","0.16726650635735327","0.16726650635735327","0.16726650635735327","0.18679935040849227","0.18679935040849227","0.18679935040849227","","","","","","","","","","","","","","","","","","","43","43","43","0.1704088117019469","0.1704088117019469","0.1704088117019469","0.1892361628236594","0.1892361628236594","0.1892361628236594","","","","","","","","","","43","43","43","0.192939665207655","0.192939665207655","0.192939665207655","0.19592925350849957","0.19592925350849957","0.19592925350849957","43","43","43","0.19609244533290132","0.19609244533290132","0.19609244533290132","0.20220326142018613","0.20220326142018613","0.20220326142018613","","","","","","","","","","43","43","43","0.22903881187574202","0.22903881187574202","0.22903881187574202","0.2291464223266756","0.2291464223266756","0.2291464223266756"
"44","","","","","","","","","","23","23","23","0.16474238723641685","0.16474238723641685","0.16474238723641685","0.1835792236857944","0.1835792236857944","0.1835792236857944","","","","","","","","","","","","","","","","","","","44","44","44","0.16663610716076457","0.16663610716076457","0.16663610716076457","0.17149349257901864","0.17149349257901864","0.17149349257901864","","","","","","","","","","44","44","44","0.19745002110966114","0.19745002110966114","0.19745002110966114","0.19476423082963243","0.19476423082963243","0.19476423082963243","44","44","44","0.19584505098770147","0.19584505098770147","0.19584505098770147","0.21040858981999322","0.21040858981999322","0.21040858981999322","","","","","","","","","","44","44","44","0.23317859996454554","0.23317859996454554","0.23317859996454554","0.22711046916678493","0.22711046916678493","0.22711046916678493"
"45","","","","","","","","","","24","24","24","0.16398450376919838","0.16398450376919838","0.16398450376919838","0.18963323169284396","0.18963323169284396","0.18963323169284396","","","","","","","","","","","","","","","","","","","45","45","45","0.16230925814319058","0.16230925814319058","0.16230925814319058","0.17738183874774863","0.17738183874774863","0.17738183874774863","","","","","","","","","","45","45","45","0.1982534045838759","0.1982534045838759","0.1982534045838759","0.21078192322172196","0.21078192322172196","0.21078192322172196","45","45","45","0.19555246757985162","0.19555246757985162","0.19555246757985162","0.2257000974839948","0.2257000974839948","0.2257000974839948","","","","","","","","","","45","45","45","0.2272445266330693","0.2272445266330693","0.2272445266330693","0.22996916962600553","0.22996916962600553","0.22996916962600553"
"46","","","","","","","","","","25","25","25","0.1659592024418486","0.1659592024418486","0.1659592024418486","0.1918589413717941","0.1918589413717941","0.1918589413717941","","","","","","","","","","","","","","","","","","","46","46","46","0.16201476057787903","0.16201476057787903","0.16201476057787903","0.17796637515227","0.17796637515227","0.17796637515227","","","","","","","","","","46","46","46","0.19242271396699323","0.19242271396699323","0.19242271396699323","0.20191473659252587","0.20191473659252587","0.20191473659252587","46","46","46","0.19637447673076092","0.19637447673076092","0.19637447673076092","0.20284287607968962","0.20284287607968962","0.20284287607968962","","","","","","","","","","46","46","46","0.22886466791368082","0.22886466791368082","0.22886466791368082","0.21763358092053228","0.21763358092053228","0.21763358092053228"
"47","","","","","","","","","","26","26","26","0.16216939108587114","0.16216939108587114","0.16216939108587114","0.1864790513559624","0.1864790513559624","0.1864790513559624","","","","","","","","","","","","","","","","","","","47","47","47","0.16171852311416834","0.16171852311416834","0.16171852311416834","0.17056249680894392","0.17056249680894392","0.17056249680894392","","","","","","","","","","47","47","47","0.1924277999587044","0.1924277999587044","0.1924277999587044","0.20832360693734817","0.20832360693734817","0.20832360693734817","47","47","47","0.2016524329875447","0.2016524329875447","0.2016524329875447","0.21221419644012326","0.21221419644012326","0.21221419644012326","","","","","","","","","","47","47","47","0.2246864592390401","0.2246864592390401","0.2246864592390401","0.2127315447039099","0.2127315447039099","0.2127315447039099"
"48","","","","","","","","","","27","27","27","0.15888508140039043","0.15888508140039043","0.15888508140039043","0.1901845661578355","0.1901845661578355","0.1901845661578355","","","","","","","","","","","","","","","","","","","48","48","48","0.1602068812969853","0.1602068812969853","0.1602068812969853","0.17063640190495385","0.17063640190495385","0.17063640190495385","","","","","","","","","","48","48","48","0.20035865967858488","0.20035865967858488","0.20035865967858488","0.19505651147004396","0.19505651147004396","0.19505651147004396","48","48","48","0.1969465783194584","0.1969465783194584","0.1969465783194584","0.20113963041052943","0.20113963041052943","0.20113963041052943","","","","","","","","","","48","48","48","0.23186758713906302","0.23186758713906302","0.23186758713906302","0.24177933269661597","0.24177933269661597","0.24177933269661597"
"49","","","","","","","","","","28","28","28","0.15979095949094838","0.15979095949094838","0.15979095949094838","0.18561732493065022","0.18561732493065022","0.18561732493065022","","","","","","","","","","","","","","","","","","","49","49","49","0.16153515894122483","0.16153515894122483","0.16153515894122483","0.1703126971644384","0.1703126971644384","0.1703126971644384","","","","","","","","","","49","49","49","0.19007488830062022","0.19007488830062022","0.19007488830062022","0.19996238750540635","0.19996238750540635","0.19996238750540635","49","49","49","0.1989597253297933","0.1989597253297933","0.1989597253297933","0.19276238518133482","0.19276238518133482","0.19276238518133482","","","","","","","","","","49","49","49","0.22373662129858463","0.22373662129858463","0.22373662129858463","0.23298019680391902","0.23298019680391902","0.23298019680391902"
"50","","","","","","","","","","29","29","29","0.15968905455049345","0.15968905455049345","0.15968905455049345","0.18500756756575018","0.18500756756575018","0.18500756756575018","","","","","","","","","","","","","","","","","","","50","50","50","0.16488716907861853","0.16488716907861853","0.16488716907861853","0.17912933125540062","0.17912933125540062","0.17912933125540062","","","","","","","","","","50","50","50","0.1996775055382432","0.1996775055382432","0.1996775055382432","0.1943285341017973","0.1943285341017973","0.1943285341017973","50","50","50","0.19367572972785776","0.19367572972785776","0.19367572972785776","0.1980772052361841","0.1980772052361841","0.1980772052361841","","","","","","","","","","","","","","","","","",""
"51","","","","","","","","","","30","30","30","0.1612095788371663","0.1612095788371663","0.1612095788371663","0.20179354675390102","0.20179354675390102","0.20179354675390102","","","","","","","","","","","","","","","","","","","51","51","51","0.1663068123787892","0.1663068123787892","0.1663068123787892","0.16868760309837483","0.16868760309837483","0.16868760309837483","","","","","","","","","","51","51","51","0.19097626483177438","0.19097626483177438","0.19097626483177438","0.1954829882151797","0.1954829882151797","0.1954829882151797","51","51","51","0.19088586377559089","0.19088586377559089","0.19088586377559089","0.1955123221065475","0.1955123221065475","0.1955123221065475","0","0","0","0.2226406928903165","0.2226406928903165","0.2226406928903165","0.2151407792222544","0.2151407792222544","0.2151407792222544","","","","","","","","",""
"52","","","","","","","","","","31","31","31","0.15773922596283318","0.15773922596283318","0.15773922596283318","0.184282055552359","0.184282055552359","0.184282055552359","","","","","","","","","","","","","","","","","","","52","52","52","0.1655116823478406","0.1655116823478406","0.1655116823478406","0.17361599502188188","0.17361599502188188","0.17361599502188188","","","","","","","","","","52","52","52","0.1912803573439978","0.1912803573439978","0.1912803573439978","0.20233442595567844","0.20233442595567844","0.20233442595567844","52","52","52","0.19467208658133736","0.19467208658133736","0.19467208658133736","0.19583584593962117","0.19583584593962117","0.19583584593962117","1","1","1","0.22982345385273464","0.22982345385273464","0.22982345385273464","0.2309955803601272","0.2309955803601272","0.2309955803601272","","","","","","","","",""
"53","","","","","","","","","","32","32","32","0.15903821584432065","0.15903821584432065","0.15903821584432065","0.18016451205368395","0.18016451205368395","0.18016451205368395","","","","","","","","","","","","","","","","","","","53","53","53","0.16312966874542356","0.16312966874542356","0.16312966874542356","0.17094360280919957","0.17094360280919957","0.17094360280919957","","","","","","","","","","53","53","53","0.1951427253573632","0.1951427253573632","0.1951427253573632","0.19358489482376212","0.19358489482376212","0.19358489482376212","53","53","53","0.2005518710381594","0.2005518710381594","0.2005518710381594","0.1927606703706612","0.1927606703706612","0.1927606703706612","2","2","2","0.2261225272267431","0.2261225272267431","0.2261225272267431","0.22246244247850433","0.22246244247850433","0.22246244247850433","","","","","","","","",""
"54","","","","","","","","","","33","33","33","0.1573114818697717","0.1573114818697717","0.1573114818697717","0.18457955947076832","0.18457955947076832","0.18457955947076832","","","","","","","","","","","","","","","","","","","54","54","54","0.15918651702148573","0.15918651702148573","0.15918651702148573","0.1666734574569596","0.1666734574569596","0.1666734574569596","","","","","","","","","","54","54","54","0.21238845283118615","0.21238845283118615","0.21238845283118615","0.18457868587239523","0.18457868587239523","0.18457868587239523","54","54","54","0.1923051564523778","0.1923051564523778","0.1923051564523778","0.1873318502007807","0.1873318502007807","0.1873318502007807","3","3","3","0.2224366535440463","0.2224366535440463","0.2224366535440463","0.21498397977323336","0.21498397977323336","0.21498397977323336","","","","","","","","",""
"55","","","","","","","","","","34","34","34","0.15701685720632055","0.15701685720632055","0.15701685720632055","0.18063665614635857","0.18063665614635857","0.18063665614635857","","","","","","","","","","","","","","","","","","","55","55","55","0.1605049007486145","0.1605049007486145","0.1605049007486145","0.17902297443813747","0.17902297443813747","0.17902297443813747","","","","","","","","","","55","55","55","0.19171882050597117","0.19171882050597117","0.19171882050597117","0.19275141967162768","0.19275141967162768","0.19275141967162768","55","55","55","0.1899989877882249","0.1899989877882249","0.1899989877882249","0.19238299203406478","0.19238299203406478","0.19238299203406478","4","4","4","0.21982427446187294","0.21982427446187294","0.21982427446187294","0.22092837736453708","0.22092837736453708","0.22092837736453708","","","","","","","","",""
"56","0","0","0","0.16040319133894282","0.16040319133894282","0.16040319133894282","0.16942440125125427","0.16942440125125427","0.16942440125125427","","","","","","","","","","","","","","","","","","","","","","","","","","","","56","56","56","0.1594406520525197","0.1594406520525197","0.1594406520525197","0.1705456298534517","0.1705456298534517","0.1705456298534517","","","","","","","","","","56","56","56","0.1858464736694924","0.1858464736694924","0.1858464736694924","0.19553464590173672","0.19553464590173672","0.19553464590173672","56","56","56","0.19191298265980572","0.19191298265980572","0.19191298265980572","0.19252017968538526","0.19252017968538526","0.19252017968538526","5","5","5","0.2221868277269126","0.2221868277269126","0.2221868277269126","0.2231823260650094","0.2231823260650094","0.2231823260650094","","","","","","","","",""
"57","1","1","1","0.160643336370963","0.160643336370963","0.160643336370963","0.17368043685952822","0.17368043685952822","0.17368043685952822","","","","","","","","","","","","","","","","","","","","","","","","","","","","57","57","57","0.1617714521169913","0.1617714521169913","0.1617714521169913","0.1691273460233653","0.1691273460233653","0.1691273460233653","","","","","","","","","","57","57","57","0.19238350751708036","0.19238350751708036","0.19238350751708036","0.18853775740057563","0.18853775740057563","0.18853775740057563","57","57","57","0.18965104215254053","0.18965104215254053","0.18965104215254053","0.19402222811732595","0.19402222811732595","0.19402222811732595","6","6","6","0.21437962121572815","0.21437962121572815","0.21437962121572815","0.21855730075929244","0.21855730075929244","0.21855730075929244","","","","","","","","",""
"58","2","2","2","0.1607847763773273","0.1607847763773273","0.1607847763773273","0.18038944557861045","0.18038944557861045","0.18038944557861045","","","","","","","","","","","","","","","","","","","","","","","","","","","","58","58","58","0.15741714112022342","0.15741714112022342","0.15741714112022342","0.1701893780518461","0.1701893780518461","0.1701893780518461","","","","","","","","","","58","58","58","0.19223181123868757","0.19223181123868757","0.19223181123868757","0.19035924354838174","0.19035924354838174","0.19035924354838174","58","58","58","0.1876031616546151","0.1876031616546151","0.1876031616546151","0.20028987643222385","0.20028987643222385","0.20028987643222385","7","7","7","0.22258837370812393","0.22258837370812393","0.22258837370812393","0.23316330102628935","0.23316330102628935","0.23316330102628935","","","","","","","","",""
"59","3","3","3","0.16030524430029533","0.16030524430029533","0.16030524430029533","0.16718889033352888","0.16718889033352888","0.16718889033352888","","","","","","","","","","","","","","","","","","","","","","","","","","","","59","59","59","0.1614194545237457","0.1614194545237457","0.1614194545237457","0.16528653331376889","0.16528653331376889","0.16528653331376889","","","","","","","","","","59","59","59","0.1989707994830458","0.1989707994830458","0.1989707994830458","0.24871876114307725","0.24871876114307725","0.24871876114307725","59","59","59","0.19533814769238234","0.19533814769238234","0.19533814769238234","0.18642370124454835","0.18642370124454835","0.18642370124454835","8","8","8","0.2162706121379713","0.2162706121379713","0.2162706121379713","0.21447307511222408","0.21447307511222408","0.21447307511222408","","","","","","","","",""
"60","4","4","4","0.15845203377744732","0.15845203377744732","0.15845203377744732","0.16813491809147377","0.16813491809147377","0.16813491809147377","","","","","","","","","","","","","","","","","","","","","","","","","","","","","","","","","","","","","","","","","","","","","","60","60","60","0.19186974163441098","0.19186974163441098","0.19186974163441098","0.20967622843595243","0.20967622843595243","0.20967622843595243","60","60","60","0.18941798785059644","0.18941798785059644","0.18941798785059644","0.19771904224135176","0.19771904224135176","0.19771904224135176","9","9","9","0.22630642387358582","0.22630642387358582","0.22630642387358582","0.22861973716977804","0.22861973716977804","0.22861973716977804","","","","","","","","",""
"61","5","5","5","0.16533079339551324","0.16533079339551324","0.16533079339551324","0.16978445359402233","0.16978445359402233","0.16978445359402233","","","","","","","","","","","","","","","","","","","","","","","","","","","","","","","","","","","","","","","","","","","","","","61","61","61","0.18969196776131622","0.18969196776131622","0.18969196776131622","0.18868457758626087","0.18868457758626087","0.18868457758626087","61","61","61","0.19352845666037888","0.19352845666037888","0.19352845666037888","0.1934574321050848","0.1934574321050848","0.1934574321050848","10","10","10","0.22047888705146915","0.22047888705146915","0.22047888705146915","0.2249529538433791","0.2249529538433791","0.2249529538433791","","","","","","","","",""
"62","6","6","6","0.1611805982699915","0.1611805982699915","0.1611805982699915","0.16995058194906623","0.16995058194906623","0.16995058194906623","","","","","","","","","","","","","","","","","","","","","","","","","","","","","","","","","","","","","","","","","","","","","","62","62","62","0.1870638881927403","0.1870638881927403","0.1870638881927403","0.1899724258144549","0.1899724258144549","0.1899724258144549","62","62","62","0.19132429554651514","0.19132429554651514","0.19132429554651514","0.1925755560841259","0.1925755560841259","0.1925755560841259","11","11","11","0.21726426454026157","0.21726426454026157","0.21726426454026157","0.22714014356907417","0.22714014356907417","0.22714014356907417","","","","","","","","",""
"63","7","7","7","0.15871777075554142","0.15871777075554142","0.15871777075554142","0.16685929808903624","0.16685929808903624","0.16685929808903624","","","","","","","","","","","","","","","","","","","","","","","","","","","","","","","","","","","","","","","","","","","","","","63","63","63","0.18495151681528121","0.18495151681528121","0.18495151681528121","0.19959043002372337","0.19959043002372337","0.19959043002372337","63","63","63","0.19246386712370048","0.19246386712370048","0.19246386712370048","0.19658227853449303","0.19658227853449303","0.19658227853449303","12","12","12","0.21577287696990646","0.21577287696990646","0.21577287696990646","0.2147232916026089","0.2147232916026089","0.2147232916026089","","","","","","","","",""
"64","8","8","8","0.15762556029655853","0.15762556029655853","0.15762556029655853","0.17509289828163607","0.17509289828163607","0.17509289828163607","","","","","","","","","","","","","","","","","","","","","","","","","","","","","","","","","","","","","","","","","","","","","","64","64","64","0.19219707333709762","0.19219707333709762","0.19219707333709762","0.200491193695804","0.200491193695804","0.200491193695804","64","64","64","0.1897831871369932","0.1897831871369932","0.1897831871369932","0.2057300004207955","0.2057300004207955","0.2057300004207955","13","13","13","0.2205736125201112","0.2205736125201112","0.2205736125201112","0.21315021965251094","0.21315021965251094","0.21315021965251094","","","","","","","","",""
"65","9","9","9","0.15604191364235237","0.15604191364235237","0.15604191364235237","0.16821950467096436","0.16821950467096436","0.16821950467096436","","","","","","","","","","","","","","","","","","","","","","","","","","","","","","","","","","","","","","","","","","","","","","65","65","65","0.1901211965860439","0.1901211965860439","0.1901211965860439","0.18771654694275342","0.18771654694275342","0.18771654694275342","65","65","65","0.19441491087601215","0.19441491087601215","0.19441491087601215","0.19067321356289005","0.19067321356289005","0.19067321356289005","14","14","14","0.2178479065304669","0.2178479065304669","0.2178479065304669","0.23037801026522448","0.23037801026522448","0.23037801026522448","","","","","","","","",""
"66","10","10","10","0.1582639539817802","0.1582639539817802","0.1582639539817802","0.1654979892075062","0.1654979892075062","0.1654979892075062","","","","","","","","","","","","","","","","","","","","","","","","","","","","","","","","","","","","","","","","","","","","","","66","66","66","0.19257967408840396","0.19257967408840396","0.19257967408840396","0.1869718436027105","0.1869718436027105","0.1869718436027105","66","66","66","0.19046764799683286","0.19046764799683286","0.19046764799683286","0.18664116135427944","0.18664116135427944","0.18664116135427944","15","15","15","0.2114307147709011","0.2114307147709011","0.2114307147709011","0.21279749871131212","0.21279749871131212","0.21279749871131212","","","","","","","","",""
"67","11","11","11","0.15592601169057252","0.15592601169057252","0.15592601169057252","0.16589211810518195","0.16589211810518195","0.16589211810518195","","","","","","","","","","","","","","","","","","","","","","","","","","","","","","","","","","","","","","","","","","","","","","67","67","67","0.21104400104083934","0.21104400104083934","0.21104400104083934","0.20116856306458938","0.20116856306458938","0.20116856306458938","67","67","67","0.1941302800785844","0.1941302800785844","0.1941302800785844","0.22304461699768513","0.22304461699768513","0.22304461699768513","16","16","16","0.22224463739221087","0.22224463739221087","0.22224463739221087","0.24284634107661512","0.24284634107661512","0.24284634107661512","","","","","","","","",""
"68","12","12","12","0.1545284387945127","0.1545284387945127","0.1545284387945127","0.1676266549638024","0.1676266549638024","0.1676266549638024","","","","","","","","","","","","","","","","","","","","","","","","","","","","","","","","","","","","","","","","","","","","","","68","68","68","0.19333602117077142","0.19333602117077142","0.19333602117077142","0.18986660136830852","0.18986660136830852","0.18986660136830852","68","68","68","0.19717945209352158","0.19717945209352158","0.19717945209352158","0.19172764980826237","0.19172764980826237","0.19172764980826237","17","17","17","0.21696205738493624","0.21696205738493624","0.21696205738493624","0.23654825280534733","0.23654825280534733","0.23654825280534733","","","","","","","","",""
"69","13","13","13","0.15681369101800838","0.15681369101800838","0.15681369101800838","0.16639417741033766","0.16639417741033766","0.16639417741033766","","","","","","","","","","","","","","","","","","","","","","","","","","","","","","","","","","","","","","","","","","","","","","69","69","69","0.185617376627604","0.185617376627604","0.185617376627604","0.18963995031652398","0.18963995031652398","0.18963995031652398","69","69","69","0.18606956501906158","0.18606956501906158","0.18606956501906158","0.20901254565908564","0.20901254565908564","0.20901254565908564","18","18","18","0.2106357522684486","0.2106357522684486","0.2106357522684486","0.20966888850617144","0.20966888850617144","0.20966888850617144","","","","","","","","",""
"70","14","14","14","0.15660488380103552","0.15660488380103552","0.15660488380103552","0.16907059161199464","0.16907059161199464","0.16907059161199464","","","","","","","","","","","","","","","","","","","","","","","","","","","","","","","","","","","","","","","","","","","","","","70","70","70","0.18671151663826294","0.18671151663826294","0.18671151663826294","0.18839471680579575","0.18839471680579575","0.18839471680579575","70","70","70","0.19195733694437922","0.19195733694437922","0.19195733694437922","0.18212663293660353","0.18212663293660353","0.18212663293660353","19","19","19","0.217463503810851","0.217463503810851","0.217463503810851","0.20792368037771558","0.20792368037771558","0.20792368037771558","","","","","","","","",""
"71","15","15","15","0.15708785790543095","0.15708785790543095","0.15708785790543095","0.16878403005776582","0.16878403005776582","0.16878403005776582","","","","","","","","","","","","","","","","","","","","","","","","","","","","","","","","","","","","","","","","","","","","","","71","71","71","0.1846793173037532","0.1846793173037532","0.1846793173037532","0.20497953175778283","0.20497953175778283","0.20497953175778283","71","71","71","0.1828780522210007","0.1828780522210007","0.1828780522210007","0.19558746119801884","0.19558746119801884","0.19558746119801884","20","20","20","0.2172045496315891","0.2172045496315891","0.2172045496315891","0.21431973219250214","0.21431973219250214","0.21431973219250214","","","","","","","","",""
"72","16","16","16","0.1599629860559181","0.1599629860559181","0.1599629860559181","0.1736201910784951","0.1736201910784951","0.1736201910784951","","","","","","","","","","","","","","","","","","","","","","","","","","","","","","","","","","","","","","","","","","","","","","72","72","72","0.1868686243860411","0.1868686243860411","0.1868686243860411","0.1831094562785776","0.1831094562785776","0.1831094562785776","72","72","72","0.1922306792904474","0.1922306792904474","0.1922306792904474","0.20163040943305288","0.20163040943305288","0.20163040943305288","21","21","21","0.2089616327288271","0.2089616327288271","0.2089616327288271","0.22173554178839722","0.22173554178839722","0.22173554178839722","","","","","","","","",""
"73","17","17","17","0.16536100290152206","0.16536100290152206","0.16536100290152206","0.16516686465453218","0.16516686465453218","0.16516686465453218","","","","","","","","","","","","","","","","","","","","","","","","","","","","","","","","","","","","","","","","","","","","","","73","73","73","0.18662176956618284","0.18662176956618284","0.18662176956618284","0.1861282326558044","0.1861282326558044","0.1861282326558044","73","73","73","0.18772755708044567","0.18772755708044567","0.18772755708044567","0.20436903917434934","0.20436903917434934","0.20436903917434934","22","22","22","0.23156535436845377","0.23156535436845377","0.23156535436845377","0.20768669683860136","0.20768669683860136","0.20768669683860136","","","","","","","","",""
"74","18","18","18","0.15838748933512622","0.15838748933512622","0.15838748933512622","0.16485704878966015","0.16485704878966015","0.16485704878966015","","","","","","","","","","","","","","","","","","","","","","","","","","","","","","","","","","","","","","","","","","","","","","74","74","74","0.19759811913328512","0.19759811913328512","0.19759811913328512","0.19257144346057703","0.19257144346057703","0.19257144346057703","74","74","74","0.186598926813913","0.186598926813913","0.186598926813913","0.19627752979060975","0.19627752979060975","0.19627752979060975","23","23","23","0.2180344594188598","0.2180344594188598","0.2180344594188598","0.21929590127060405","0.21929590127060405","0.21929590127060405","","","","","","","","",""
"75","19","19","19","0.15772379208512666","0.15772379208512666","0.15772379208512666","0.1723412911373156","0.1723412911373156","0.1723412911373156","","","","","","","","","","","","","","","","","","","","","","","","","","","","","","","","","","","","","","","","","","","","","","75","75","75","0.1971545798250106","0.1971545798250106","0.1971545798250106","0.19769572452763198","0.19769572452763198","0.19769572452763198","75","75","75","0.19261815875549526","0.19261815875549526","0.19261815875549526","0.2172542545792117","0.2172542545792117","0.2172542545792117","24","24","24","0.2156433321128623","0.2156433321128623","0.2156433321128623","0.2070428731688558","0.2070428731688558","0.2070428731688558","","","","","","","","",""
"76","20","20","20","0.16013475097402805","0.16013475097402805","0.16013475097402805","0.18019098564982414","0.18019098564982414","0.18019098564982414","","","","","","","","","","","","","","","","","","","","","","","","","","","","","","","","","","","","","","","","","","","","","","76","76","76","0.18519268446296705","0.18519268446296705","0.18519268446296705","0.18324904287836366","0.18324904287836366","0.18324904287836366","76","76","76","0.18694663884415597","0.18694663884415597","0.18694663884415597","0.19679158347136025","0.19679158347136025","0.19679158347136025","25","25","25","0.21147911108153708","0.21147911108153708","0.21147911108153708","0.2082256214575475","0.2082256214575475","0.2082256214575475","","","","","","","","",""
"77","21","21","21","0.15766946943242008","0.15766946943242008","0.15766946943242008","0.16311178461269096","0.16311178461269096","0.16311178461269096","","","","","","","","","","","","","","","","","","","","","","","","","","","","","","","","","","","","","","","","","","","","","","77","77","77","0.18649330025366626","0.18649330025366626","0.18649330025366626","0.18939518882827244","0.18939518882827244","0.18939518882827244","77","77","77","0.1858514836527595","0.1858514836527595","0.1858514836527595","0.2076058112029471","0.2076058112029471","0.2076058112029471","26","26","26","0.20487763216922514","0.20487763216922514","0.20487763216922514","0.20929066677574332","0.20929066677574332","0.20929066677574332","","","","","","","","",""
"78","22","22","22","0.1578979087257836","0.1578979087257836","0.1578979087257836","0.1741716104525107","0.1741716104525107","0.1741716104525107","","","","","","","","","","","","","","","","","","","","","","","","","","","","","","","","","","","","","","","","","","","","","","78","78","78","0.1798226744437418","0.1798226744437418","0.1798226744437418","0.18594344590399345","0.18594344590399345","0.18594344590399345","78","78","78","0.18858306752439558","0.18858306752439558","0.18858306752439558","0.1938339548400122","0.1938339548400122","0.1938339548400122","27","27","27","0.21137057499913106","0.21137057499913106","0.21137057499913106","0.21859929419804683","0.21859929419804683","0.21859929419804683","","","","","","","","",""
"79","23","23","23","0.1669915252435608","0.1669915252435608","0.1669915252435608","0.17863066124695318","0.17863066124695318","0.17863066124695318","","","","","","","","","","","","","","","","","","","","","","","","","","","","","","","","","","","","","","","","","","","","","","79","79","79","0.19800206102399515","0.19800206102399515","0.19800206102399515","0.1967329451585791","0.1967329451585791","0.1967329451585791","79","79","79","0.1865789925663912","0.1865789925663912","0.1865789925663912","0.1913710544682125","0.1913710544682125","0.1913710544682125","28","28","28","0.21217434793053305","0.21217434793053305","0.21217434793053305","0.21133952576764012","0.21133952576764012","0.21133952576764012","","","","","","","","",""
"80","24","24","24","0.17261863969454244","0.17261863969454244","0.17261863969454244","0.1676872183603269","0.1676872183603269","0.1676872183603269","","","","","","","","","","","","","","","","","","","","","","","","","","","","","","","","","","","","","","","","","","","","","","80","80","80","0.2005135579613828","0.2005135579613828","0.2005135579613828","0.1842448926188024","0.1842448926188024","0.1842448926188024","80","80","80","0.17975058338503128","0.17975058338503128","0.17975058338503128","0.19842958442008185","0.19842958442008185","0.19842958442008185","29","29","29","0.21423000213103133","0.21423000213103133","0.21423000213103133","0.22153445039650765","0.22153445039650765","0.22153445039650765","","","","","","","","",""
"81","25","25","25","0.17341963430287458","0.17341963430287458","0.17341963430287458","0.18260223691662153","0.18260223691662153","0.18260223691662153","","","","","","","","","","","","","","","","","","","","","","","","","","","","","","","","","","","","","","","","","","","","","","81","81","81","0.1962138296832808","0.1962138296832808","0.1962138296832808","0.18512000139373386","0.18512000139373386","0.18512000139373386","81","81","81","0.19184871120456637","0.19184871120456637","0.19184871120456637","0.18406578636690143","0.18406578636690143","0.18406578636690143","30","30","30","0.21554073381448993","0.21554073381448993","0.21554073381448993","0.2211201274871383","0.2211201274871383","0.2211201274871383","","","","","","","","",""
"82","26","26","26","0.17452286484361695","0.17452286484361695","0.17452286484361695","0.19806134976722575","0.19806134976722575","0.19806134976722575","","","","","","","","","","","","","","","","","","","","","","","","","","","","","","","","","","","","","","","","","","","","","","82","82","82","0.1817463164476036","0.1817463164476036","0.1817463164476036","0.19264169355861316","0.19264169355861316","0.19264169355861316","82","82","82","0.1818311950896217","0.1818311950896217","0.1818311950896217","0.2194211742664137","0.2194211742664137","0.2194211742664137","31","31","31","0.213696005793304","0.213696005793304","0.213696005793304","0.21378663119939623","0.21378663119939623","0.21378663119939623","","","","","","","","",""
"83","27","27","27","0.20792868451661423","0.20792868451661423","0.20792868451661423","0.19303819846223902","0.19303819846223902","0.19303819846223902","","","","","","","","","","","","","","","","","","","","","","","","","","","","","","","","","","","","","","","","","","","","","","83","83","83","0.186690948230504","0.186690948230504","0.186690948230504","0.19029300939637933","0.19029300939637933","0.19029300939637933","83","83","83","0.18590317599224945","0.18590317599224945","0.18590317599224945","0.18243270054404176","0.18243270054404176","0.18243270054404176","32","32","32","0.2051401988704916","0.2051401988704916","0.2051401988704916","0.20826053921285614","0.20826053921285614","0.20826053921285614","","","","","","","","",""
"84","28","28","28","0.19213393989543454","0.19213393989543454","0.19213393989543454","0.18040426594239695","0.18040426594239695","0.18040426594239695","","","","","","","","","","","","","","","","","","","","","","","","","","","","","","","","","","","","","","","","","","","","","","84","84","84","0.19752595028957398","0.19752595028957398","0.19752595028957398","0.18783054316631037","0.18783054316631037","0.18783054316631037","84","84","84","0.19139747242560656","0.19139747242560656","0.19139747242560656","0.19699729347539213","0.19699729347539213","0.19699729347539213","33","33","33","0.2135867459167327","0.2135867459167327","0.2135867459167327","0.23545390871599262","0.23545390871599262","0.23545390871599262","","","","","","","","",""
"85","","","","","","","","","","","","","","","","","","","","","","","","","","","","","","","","","","","","","","","","","","","","","","","","","","","","","","","85","85","85","0.19275600809071744","0.19275600809071744","0.19275600809071744","0.18708376788627704","0.18708376788627704","0.18708376788627704","85","85","85","0.2053054590404284","0.2053054590404284","0.2053054590404284","0.18978358037963675","0.18978358037963675","0.18978358037963675","34","34","34","0.21526045949362657","0.21526045949362657","0.21526045949362657","0.21304882165446157","0.21304882165446157","0.21304882165446157","","","","","","","","",""
"86","","","","","","","","","","","","","","","","","","","","","","","","","","","","","","","","","","","","","","","","","","","","","","","","","","","","","","","86","86","86","0.18938900558512753","0.18938900558512753","0.18938900558512753","0.20736190342936375","0.20736190342936375","0.20736190342936375","86","86","86","0.18612643976171478","0.18612643976171478","0.18612643976171478","0.18993729415270033","0.18993729415270033","0.18993729415270033","35","35","35","0.21212425465625123","0.21212425465625123","0.21212425465625123","0.20960093356087306","0.20960093356087306","0.20960093356087306","","","","","","","","",""
"87","","","","","","","","","","","","","","","","","","","","","","","","","","","","","","","","","","","","","","","","","","","","","","","","","","","","","","","87","87","87","0.18421159119603514","0.18421159119603514","0.18421159119603514","0.18104364864223507","0.18104364864223507","0.18104364864223507","87","87","87","0.19865517858259318","0.19865517858259318","0.19865517858259318","0.19231041962606313","0.19231041962606313","0.19231041962606313","36","36","36","0.21239075414492053","0.21239075414492053","0.21239075414492053","0.201986959418732","0.201986959418732","0.201986959418732","","","","","","","","",""
"88","","","","","","","","","","","","","","","","","","","","","","","","","","","","","","","","","","","","","","","","","","","","","","","","","","","","","","","88","88","88","0.18670080032418757","0.18670080032418757","0.18670080032418757","0.273625810724098","0.273625810724098","0.273625810724098","88","88","88","0.1826270155671264","0.1826270155671264","0.1826270155671264","0.18559418798711663","0.18559418798711663","0.18559418798711663","37","37","37","0.21375339869566323","0.21375339869566323","0.21375339869566323","0.20728317596932327","0.20728317596932327","0.20728317596932327","","","","","","","","",""
"89","","","","","","","","","","","","","","","","","","","","","","","","","","","","","","","","","","","","","","","","","","","","","","","","","","","","","","","89","89","89","0.19372854644761367","0.19372854644761367","0.19372854644761367","0.19354726113794463","0.19354726113794463","0.19354726113794463","89","89","89","0.20307961491351367","0.20307961491351367","0.20307961491351367","0.1861916895415703","0.1861916895415703","0.1861916895415703","38","38","38","0.2142687100494484","0.2142687100494484","0.2142687100494484","0.2160818119391411","0.2160818119391411","0.2160818119391411","","","","","","","","",""
"90","","","","","","","","","","","","","","","","","","","","","","","","","","","","","","","","","","","","","","","","","","","","","","","","","","","","","","","90","90","90","0.20411461677809223","0.20411461677809223","0.20411461677809223","0.1939674175334021","0.1939674175334021","0.1939674175334021","90","90","90","0.18335655353525104","0.18335655353525104","0.18335655353525104","0.18672385602690916","0.18672385602690916","0.18672385602690916","39","39","39","0.20478912609621508","0.20478912609621508","0.20478912609621508","0.20279087497399198","0.20279087497399198","0.20279087497399198","","","","","","","","",""
"91","","","","","","","","","","","","","","","","","","","","","","","","","","","","","","","","","","","","","","","","","","","","","","","","","","","","","","","91","91","91","0.18373210086416797","0.18373210086416797","0.18373210086416797","0.1851671504126827","0.1851671504126827","0.1851671504126827","91","91","91","0.19448357859642065","0.19448357859642065","0.19448357859642065","0.18885702776919955","0.18885702776919955","0.18885702776919955","40","40","40","0.2171392422795546","0.2171392422795546","0.2171392422795546","0.22909567283542626","0.22909567283542626","0.22909567283542626","","","","","","","","",""
"92","","","","","","","","","","","","","","","","","","","","","","","","","","","","","","","","","","","","","","","","","","","","","","","","","","","","","","","92","92","92","0.19047886691987514","0.19047886691987514","0.19047886691987514","0.18225930750259237","0.18225930750259237","0.18225930750259237","92","92","92","0.1946955243156863","0.1946955243156863","0.1946955243156863","0.18733896373262193","0.18733896373262193","0.18733896373262193","41","41","41","0.22611170411579498","0.22611170411579498","0.22611170411579498","0.25438280202808433","0.25438280202808433","0.25438280202808433","","","","","","","","",""
"93","","","","","","","","","","","","","","","","","","","","","","","","","","","","","","","","","","","","","","","","","","","","","","","","","","","","","","","","","","","","","","","","93","93","93","0.18703406803435138","0.18703406803435138","0.18703406803435138","0.195397624766738","0.195397624766738","0.195397624766738","42","42","42","0.21628702942188047","0.21628702942188047","0.21628702942188047","0.20979505730273557","0.20979505730273557","0.20979505730273557","","","","","","","","",""
"94","","","","","","","","","","","","","","","","","","","","","","","","","","","","","","","","","","","","","","","","","","","","","","","","","","","","","","","","","","","","","","","","94","94","94","0.18767448147649274","0.18767448147649274","0.18767448147649274","0.19921932157586056","0.19921932157586056","0.19921932157586056","43","43","43","0.2139763024502567","0.2139763024502567","0.2139763024502567","0.2103265997119331","0.2103265997119331","0.2103265997119331","","","","","","","","",""
"95","","","","","","","","","","","","","","","","","","","","","","","","","","","","","","","","","","","","","","","","","","","","","","","","","","","","","","","","","","","","","","","","95","95","95","0.20939152357520677","0.20939152357520677","0.20939152357520677","0.19396280785364733","0.19396280785364733","0.19396280785364733","44","44","44","0.21138690761094833","0.21138690761094833","0.21138690761094833","0.2033502719880923","0.2033502719880923","0.2033502719880923","","","","","","","","",""
"96","","","","","","","","","","","","","","","","","","","","","","","","","","","","","","","","","","","","","","","","","","","","","","","","","","","","","","","","","","","","","","","","96","96","96","0.18638712364961119","0.18638712364961119","0.18638712364961119","0.1916213135432355","0.1916213135432355","0.1916213135432355","45","45","45","0.20970080150369586","0.20970080150369586","0.20970080150369586","0.21099494254999002","0.21099494254999002","0.21099494254999002","","","","","","","","",""
"97","","","","","","","","","","","","","","","","","","","","","","","","","","","","","","","","","","","","","","","","","","","","","","","","","","","","","","","","","","","","","","","","97","97","97","0.183707540800028","0.183707540800028","0.183707540800028","0.1845332386740743","0.1845332386740743","0.1845332386740743","46","46","46","0.2068678468011883","0.2068678468011883","0.2068678468011883","0.20839525298059652","0.20839525298059652","0.20839525298059652","","","","","","","","",""
"98","","","","","","","","","","","","","","","","","","","","","","","","","","","","","","","","","","","","","","","","","","","","","","","","","","","","","","","","","","","","","","","","98","98","98","0.18950472985777786","0.18950472985777786","0.18950472985777786","0.19509307338014856","0.19509307338014856","0.19509307338014856","47","47","47","0.2130341812764772","0.2130341812764772","0.2130341812764772","0.21968194424108944","0.21968194424108944","0.21968194424108944","","","","","","","","",""
"99","","","","","","","","","","","","","","","","","","","","","","","","","","","","","","","","","","","","","","","","","","","","","","","","","","","","","","","","","","","","","","","","99","99","99","0.37718737620797727","0.37718737620797727","0.37718737620797727","0.6713566278768738","0.6713566278768738","0.6713566278768738","48","48","48","0.21080076478484297","0.21080076478484297","0.21080076478484297","0.24686135740805293","0.24686135740805293","0.24686135740805293","","","","","","","","",""
"100","","","","","","","","","","","","","","","","","","","","","","","","","","","","","","","","","","","","","","","","","","","","","","","","","","","","","","","","","","","","","","","","","","","","","","","","","49","49","49","0.2095431877425363","0.2095431877425363","0.2095431877425363","0.22006999821744888","0.22006999821744888","0.22006999821744888","","","","","","","","",""